year,lat,lon,temperature_c,scenario,temperature_f,anomaly_c,anomaly_f
1850,34.3979057591623,241.25,18.37884,historical,65.08191,-0.5043144,-0.907766
1851,34.3979057591623,241.25,18.054352,historical,64.49783,-0.8288021,-1.4918438
1852,34.3979057591623,241.25,19.31961,historical,66.7753,0.43645668,0.785622
1853,34.3979057591623,241.25,18.589424,historical,65.46096,-0.29372978,-0.5287136
1854,34.3979057591623,241.25,18.40629,historical,65.131325,-0.47686386,-0.8583549
1855,34.3979057591623,241.25,18.537928,historical,65.36827,-0.3452263,-0.62140733
1856,34.3979057591623,241.25,19.448586,historical,67.007454,0.5654316,1.0177768
1857,34.3979057591623,241.25,19.602888,historical,67.2852,0.7197342,1.2955215
1858,34.3979057591623,241.25,18.587889,historical,65.4582,-0.2952652,-0.53147733
1859,34.3979057591623,241.25,19.142038,historical,66.45567,0.25888443,0.46599197
1860,34.3979057591623,241.25,19.310614,historical,66.7591,0.42745972,0.7694275
1861,34.3979057591623,241.25,18.28802,historical,64.918434,-0.59513474,-1.0712426
1862,34.3979057591623,241.25,18.500525,historical,65.30094,-0.3826294,-0.6887329
1863,34.3979057591623,241.25,19.333899,historical,66.80102,0.45074463,0.81134033
1864,34.3979057591623,241.25,19.29519,historical,66.731346,0.4120369,0.74166644
1865,34.3979057591623,241.25,18.310286,historical,64.95851,-0.57286835,-1.031163
1866,34.3979057591623,241.25,18.891302,historical,66.00434,0.008148193,0.014666748
1867,34.3979057591623,241.25,19.666122,historical,67.39902,0.7829685,1.4093434
1868,34.3979057591623,241.25,18.13291,historical,64.63924,-0.75024414,-1.3504394
1869,34.3979057591623,241.25,19.214218,historical,66.585594,0.33106422,0.5959156
1870,34.3979057591623,241.25,18.51927,historical,65.33469,-0.36388397,-0.65499115
1871,34.3979057591623,241.25,18.558641,historical,65.405556,-0.32451248,-0.5841225
1872,34.3979057591623,241.25,18.847235,historical,65.92502,-0.03591919,-0.064654544
1873,34.3979057591623,241.25,19.531923,historical,67.15746,0.6487694,1.1677849
1874,34.3979057591623,241.25,19.207064,historical,66.572716,0.32390976,0.58303756
1875,34.3979057591623,241.25,19.466955,historical,67.04052,0.58380127,1.0508423
1876,34.3979057591623,241.25,19.467878,historical,67.04218,0.5847244,1.052504
1877,34.3979057591623,241.25,18.040064,historical,64.472115,-0.84309006,-1.5175622
1878,34.3979057591623,241.25,18.560518,historical,65.408936,-0.32263565,-0.58074415
1879,34.3979057591623,241.25,19.207466,historical,66.57344,0.3243122,0.583762
1880,34.3979057591623,241.25,18.548693,historical,65.38765,-0.3344612,-0.60203016
1881,34.3979057591623,241.25,20.91443,historical,69.64597,2.0312767,3.6562982
1882,34.3979057591623,241.25,20.32377,historical,68.58279,1.4406166,2.5931098
1883,34.3979057591623,241.25,18.83011,historical,65.894196,-0.053043365,-0.09547806
1884,34.3979057591623,241.25,19.096064,historical,66.37292,0.2129097,0.38323745
1885,34.3979057591623,241.25,19.377098,historical,66.87878,0.49394417,0.8890995
1886,34.3979057591623,241.25,18.168196,historical,64.70275,-0.7149582,-1.2869247
1887,34.3979057591623,241.25,19.052948,historical,66.2953,0.16979408,0.30562934
1888,34.3979057591623,241.25,18.852625,historical,65.93472,-0.030529022,-0.05495224
1889,34.3979057591623,241.25,19.74708,historical,67.54475,0.86392593,1.5550667
1890,34.3979057591623,241.25,18.169182,historical,64.70453,-0.7139721,-1.2851498
1891,34.3979057591623,241.25,19.071161,historical,66.328094,0.18800735,0.33841324
1892,34.3979057591623,241.25,19.365059,historical,66.8571,0.48190498,0.86742896
1893,34.3979057591623,241.25,18.270409,historical,64.886734,-0.6127453,-1.1029415
1894,34.3979057591623,241.25,18.537056,historical,65.3667,-0.34609795,-0.6229763
1895,34.3979057591623,241.25,18.521818,historical,65.33927,-0.36133575,-0.65040433
1896,34.3979057591623,241.25,18.820929,historical,65.87767,-0.06222534,-0.112005614
1897,34.3979057591623,241.25,18.341698,historical,65.01506,-0.5414562,-0.9746212
1898,34.3979057591623,241.25,19.036652,historical,66.265976,0.1534977,0.27629584
1899,34.3979057591623,241.25,18.412636,historical,65.142746,-0.4705181,-0.8469326
1900,34.3979057591623,241.25,18.945417,historical,66.10175,0.06226349,0.11207428
1901,34.3979057591623,241.25,18.989265,historical,66.18068,0.10611153,0.19100074
1902,34.3979057591623,241.25,18.285873,historical,64.91457,-0.5972805,-1.075105
1903,34.3979057591623,241.25,18.306559,historical,64.951805,-0.5765953,-1.0378716
1904,34.3979057591623,241.25,18.587473,historical,65.45745,-0.295681,-0.5322258
1905,34.3979057591623,241.25,17.816734,historical,64.07012,-1.0664196,-1.9195553
1906,34.3979057591623,241.25,18.513094,historical,65.32357,-0.37005997,-0.66610795
1907,34.3979057591623,241.25,18.401388,historical,65.1225,-0.48176575,-0.8671783
1908,34.3979057591623,241.25,18.280487,historical,64.90488,-0.60266685,-1.0848004
1909,34.3979057591623,241.25,18.91288,historical,66.04318,0.029726028,0.05350685
1910,34.3979057591623,241.25,19.000977,historical,66.20176,0.11782265,0.21208076
1911,34.3979057591623,241.25,18.030478,historical,64.45486,-0.8526764,-1.5348175
1912,34.3979057591623,241.25,19.210869,historical,66.57957,0.32771492,0.58988684
1913,34.3979057591623,241.25,18.583597,historical,65.45048,-0.29955673,-0.5392021
1914,34.3979057591623,241.25,18.44723,historical,65.20502,-0.43592453,-0.78466415
1915,34.3979057591623,241.25,18.389025,historical,65.10024,-0.49412918,-0.88943255
1916,34.3979057591623,241.25,18.593203,historical,65.467766,-0.28995132,-0.5219124
1917,34.3979057591623,241.25,18.69768,historical,65.65582,-0.1854744,-0.3338539
1918,34.3979057591623,241.25,19.178331,historical,66.520996,0.29517746,0.53131944
1919,34.3979057591623,241.25,19.580675,historical,67.24522,0.6975212,1.2555382
1920,34.3979057591623,241.25,18.344698,historical,65.020454,-0.53845596,-0.96922076
1921,34.3979057591623,241.25,18.855507,historical,65.93991,-0.027647018,-0.049764633
1922,34.3979057591623,241.25,18.175264,historical,64.71548,-0.70788956,-1.2742012
1923,34.3979057591623,241.25,18.584923,historical,65.452866,-0.29823112,-0.536816
1924,34.3979057591623,241.25,18.58887,historical,65.45996,-0.29428482,-0.5297127
1925,34.3979057591623,241.25,19.204178,historical,66.56752,0.32102394,0.57784307
1926,34.3979057591623,241.25,18.467445,historical,65.2414,-0.41570854,-0.7482754
1927,34.3979057591623,241.25,19.366419,historical,66.85956,0.48326492,0.86987686
1928,34.3979057591623,241.25,20.066193,historical,68.11915,1.1830387,2.1294696
1929,34.3979057591623,241.25,18.90566,historical,66.03019,0.022506714,0.040512085
1930,34.3979057591623,241.25,18.794891,historical,65.8308,-0.08826256,-0.1588726
1931,34.3979057591623,241.25,18.757675,historical,65.76382,-0.12547874,-0.22586174
1932,34.3979057591623,241.25,17.491987,historical,63.485577,-1.3911667,-2.5041
1933,34.3979057591623,241.25,19.296816,historical,66.73427,0.41366196,0.74459153
1934,34.3979057591623,241.25,17.92063,historical,64.25713,-0.9625244,-1.732544
1935,34.3979057591623,241.25,18.455025,historical,65.21904,-0.4281292,-0.77063257
1936,34.3979057591623,241.25,19.078354,historical,66.341034,0.19519997,0.35135993
1937,34.3979057591623,241.25,19.975294,historical,67.95553,1.0921402,1.9658524
1938,34.3979057591623,241.25,18.502417,historical,65.30435,-0.3807373,-0.6853272
1939,34.3979057591623,241.25,18.054703,historical,64.49847,-0.82845116,-1.4912121
1940,34.3979057591623,241.25,17.905096,historical,64.22917,-0.97805786,-1.7605041
1941,34.3979057591623,241.25,18.399574,historical,65.11923,-0.48357964,-0.87044334
1942,34.3979057591623,241.25,18.697723,historical,65.6559,-0.18543053,-0.33377495
1943,34.3979057591623,241.25,18.409826,historical,65.13769,-0.47332764,-0.85198975
1944,34.3979057591623,241.25,18.885992,historical,65.99478,0.0028381348,0.0051086424
1945,34.3979057591623,241.25,18.937515,historical,66.087524,0.054361343,0.09785042
1946,34.3979057591623,241.25,18.318308,historical,64.97295,-0.56484604,-1.0167229
1947,34.3979057591623,241.25,17.979052,historical,64.36229,-0.9041023,-1.6273842
1948,34.3979057591623,241.25,18.452219,historical,65.214,-0.4309349,-0.7756828
1949,34.3979057591623,241.25,18.944153,historical,66.09947,0.060998917,0.10979805
1950,34.3979057591623,241.25,18.691977,historical,65.64555,-0.19117737,-0.34411925
1951,34.3979057591623,241.25,18.473627,historical,65.25253,-0.40952682,-0.7371483
1952,34.3979057591623,241.25,19.722923,historical,67.50127,0.83976936,1.5115849
1953,34.3979057591623,241.25,18.564878,historical,65.41678,-0.31827545,-0.5728958
1954,34.3979057591623,241.25,19.06479,historical,66.31662,0.18163681,0.32694626
1955,34.3979057591623,241.25,19.178116,historical,66.52061,0.29496193,0.5309315
1956,34.3979057591623,241.25,19.434702,historical,66.98247,0.551548,0.9927864
1957,34.3979057591623,241.25,18.824692,historical,65.884445,-0.058462143,-0.10523186
1958,34.3979057591623,241.25,19.27851,historical,66.70132,0.39535522,0.7116394
1959,34.3979057591623,241.25,18.120882,historical,64.617584,-0.7622719,-1.3720894
1960,34.3979057591623,241.25,18.7096,historical,65.67728,-0.17355347,-0.31239623
1961,34.3979057591623,241.25,19.515799,historical,67.12843,0.63264465,1.1387603
1962,34.3979057591623,241.25,18.44147,historical,65.19464,-0.44168472,-0.7950325
1963,34.3979057591623,241.25,18.159845,historical,64.68772,-0.72330856,-1.3019555
1964,34.3979057591623,241.25,18.079908,historical,64.54384,-0.80324554,-1.445842
1965,34.3979057591623,241.25,17.306303,historical,63.151344,-1.5768509,-2.8383317
1966,34.3979057591623,241.25,18.11206,historical,64.60171,-0.77109337,-1.3879681
1967,34.3979057591623,241.25,18.00865,historical,64.41557,-0.8745041,-1.5741074
1968,34.3979057591623,241.25,18.537191,historical,65.36694,-0.34596252,-0.6227325
1969,34.3979057591623,241.25,18.873362,historical,65.97205,-0.009792328,-0.01762619
1970,34.3979057591623,241.25,17.718803,historical,63.89385,-1.1643505,-2.095831
1971,34.3979057591623,241.25,18.449118,historical,65.20841,-0.43403625,-0.78126526
1972,34.3979057591623,241.25,18.044395,historical,64.47991,-0.83875847,-1.5097653
1973,34.3979057591623,241.25,18.123978,historical,64.62316,-0.75917625,-1.3665173
1974,34.3979057591623,241.25,18.817205,historical,65.87097,-0.06594849,-0.11870728
1975,34.3979057591623,241.25,18.455408,historical,65.219734,-0.42774582,-0.76994246
1976,34.3979057591623,241.25,17.420332,historical,63.356598,-1.462822,-2.6330795
1977,34.3979057591623,241.25,19.031183,historical,66.256134,0.14802933,0.2664528
1978,34.3979057591623,241.25,18.562424,historical,65.41236,-0.3207302,-0.5773144
1979,34.3979057591623,241.25,18.047956,historical,64.48632,-0.83519745,-1.5033554
1980,34.3979057591623,241.25,18.413376,historical,65.14407,-0.46977806,-0.8456005
1981,34.3979057591623,241.25,18.095041,historical,64.571075,-0.78811264,-1.4186027
1982,34.3979057591623,241.25,17.939873,historical,64.29177,-0.9432812,-1.6979061
1983,34.3979057591623,241.25,17.285263,historical,63.113472,-1.5978909,-2.8762035
1984,34.3979057591623,241.25,18.950312,historical,66.110565,0.067157745,0.12088394
1985,34.3979057591623,241.25,18.449663,historical,65.2094,-0.43349075,-0.78028333
1986,34.3979057591623,241.25,18.042746,historical,64.476944,-0.8404083,-1.512735
1987,34.3979057591623,241.25,18.221008,historical,64.79781,-0.6621456,-1.1918621
1988,34.3979057591623,241.25,18.824465,historical,65.88403,-0.058689117,-0.10564041
1989,34.3979057591623,241.25,18.576065,historical,65.43692,-0.30708885,-0.55275995
1990,34.3979057591623,241.25,18.343332,historical,65.018,-0.5398216,-0.9716789
1991,34.3979057591623,241.25,18.642237,historical,65.55603,-0.2409172,-0.43365097
1992,34.3979057591623,241.25,17.83529,historical,64.10352,-1.047863,-1.8861535
1993,34.3979057591623,241.25,17.87269,historical,64.170845,-1.0104637,-1.8188347
1994,34.3979057591623,241.25,18.358107,historical,65.04459,-0.5250473,-0.94508517
1995,34.3979057591623,241.25,19.59482,historical,67.270676,0.7116661,1.280999
1996,34.3979057591623,241.25,19.609636,historical,67.29735,0.7264824,1.3076683
1997,34.3979057591623,241.25,18.489492,historical,65.28108,-0.3936615,-0.7085907
1998,34.3979057591623,241.25,19.071716,historical,66.32909,0.1885624,0.3394123
1999,34.3979057591623,241.25,19.003794,historical,66.20683,0.1206398,0.21715164
2000,34.3979057591623,241.25,19.550802,historical,67.191444,0.6676483,1.201767
2001,34.3979057591623,241.25,19.473333,historical,67.052,0.59017944,1.062323
2002,34.3979057591623,241.25,20.141626,historical,68.25493,1.2584724,2.2652504
2003,34.3979057591623,241.25,18.918081,historical,66.05254,0.03492737,0.062869266
2004,34.3979057591623,241.25,19.459307,historical,67.02675,0.5761528,1.037075
2005,34.3979057591623,241.25,19.922129,historical,67.85983,1.0389748,1.8701546
2006,34.3979057591623,241.25,18.77902,historical,65.80224,-0.104133606,-0.18744048
2007,34.3979057591623,241.25,20.334145,historical,68.601456,1.4509907,2.6117833
2008,34.3979057591623,241.25,20.018225,historical,68.03281,1.1350708,2.0431275
2009,34.3979057591623,241.25,19.586641,historical,67.25595,0.7034874,1.2662773
2010,34.3979057591623,241.25,19.105776,historical,66.390396,0.22262192,0.40071946
2011,34.3979057591623,241.25,18.985678,historical,66.17422,0.1025238,0.18454285
2012,34.3979057591623,241.25,20.039078,historical,68.07034,1.1559238,2.080663
2013,34.3979057591623,241.25,19.717485,historical,67.49147,0.8343315,1.5017967
2014,34.3979057591623,241.25,19.781416,historical,67.60655,0.898262,1.6168716
2015,34.3979057591623,241.25,18.443542,ssp126,65.19838,-0.43961143,-0.7913006
2016,34.3979057591623,241.25,19.886915,ssp126,67.79645,1.0037613,1.8067703
2017,34.3979057591623,241.25,18.997475,ssp126,66.19545,0.114320755,0.20577736
2018,34.3979057591623,241.25,18.075853,ssp126,64.53654,-0.80730057,-1.453141
2019,34.3979057591623,241.25,19.745857,ssp126,67.54254,0.8627033,1.552866
2020,34.3979057591623,241.25,19.936304,ssp126,67.885345,1.0531502,1.8956703
2021,34.3979057591623,241.25,20.755667,ssp126,69.3602,1.8725128,3.370523
2022,34.3979057591623,241.25,19.73651,ssp126,67.52572,0.8533554,1.5360397
2023,34.3979057591623,241.25,20.897192,ssp126,69.614944,2.014038,3.6252685
2024,34.3979057591623,241.25,20.241745,ssp126,68.43514,1.3585911,2.445464
2025,34.3979057591623,241.25,20.543982,ssp126,68.979164,1.6608276,2.9894898
2026,34.3979057591623,241.25,19.77854,ssp126,67.60137,0.89538574,1.6116943
2027,34.3979057591623,241.25,20.976158,ssp126,69.75709,2.0930042,3.7674077
2028,34.3979057591623,241.25,20.802092,ssp126,69.44376,1.9189377,3.4540877
2029,34.3979057591623,241.25,20.750063,ssp126,69.35011,1.866909,3.3604362
2030,34.3979057591623,241.25,19.507393,ssp126,67.113304,0.62423897,1.1236302
2031,34.3979057591623,241.25,19.429678,ssp126,66.97342,0.54652405,0.9837433
2032,34.3979057591623,241.25,20.430107,ssp126,68.77419,1.5469532,2.7845159
2033,34.3979057591623,241.25,20.074,ssp126,68.1332,1.1908455,2.1435218
2034,34.3979057591623,241.25,20.965187,ssp126,69.737335,2.0820332,3.7476597
2035,34.3979057591623,241.25,20.59487,ssp126,69.07076,1.7117157,3.0810883
2036,34.3979057591623,241.25,20.89607,ssp126,69.61293,2.0129166,3.6232498
2037,34.3979057591623,241.25,20.448591,ssp126,68.807465,1.5654373,2.8177872
2038,34.3979057591623,241.25,20.47273,ssp126,68.850914,1.5895767,2.861238
2039,34.3979057591623,241.25,20.080803,ssp126,68.14545,1.197649,2.1557682
2040,34.3979057591623,241.25,20.737358,ssp126,69.32725,1.8542042,3.3375676
2041,34.3979057591623,241.25,19.824049,ssp126,67.68329,0.9408951,1.6936111
2042,34.3979057591623,241.25,22.38679,ssp126,72.29622,3.5036354,6.306544
2043,34.3979057591623,241.25,20.894796,ssp126,69.610634,2.0116425,3.6209564
2044,34.3979057591623,241.25,20.59854,ssp126,69.07737,1.7153854,3.0876937
2045,34.3979057591623,241.25,20.247335,ssp126,68.445206,1.3641815,2.4555268
2046,34.3979057591623,241.25,20.359962,ssp126,68.647934,1.4768085,2.6582553
2047,34.3979057591623,241.25,20.43305,ssp126,68.77949,1.5498962,2.7898133
2048,34.3979057591623,241.25,20.52078,ssp126,68.93741,1.6376266,2.947728
2049,34.3979057591623,241.25,21.384966,ssp126,70.492935,2.501812,4.5032616
2050,34.3979057591623,241.25,20.63054,ssp126,69.13497,1.7473869,3.1452966
2051,34.3979057591623,241.25,20.430983,ssp126,68.77577,1.5478287,2.7860916
2052,34.3979057591623,241.25,21.129005,ssp126,70.03221,2.2458515,4.042533
2053,34.3979057591623,241.25,21.214172,ssp126,70.18551,2.3310184,4.195833
2054,34.3979057591623,241.25,20.002039,ssp126,68.00367,1.118885,2.013993
2055,34.3979057591623,241.25,20.492884,ssp126,68.88719,1.6097298,2.8975136
2056,34.3979057591623,241.25,21.11805,ssp126,70.01249,2.2348957,4.0228124
2057,34.3979057591623,241.25,20.63756,ssp126,69.147606,1.754406,3.1579309
2058,34.3979057591623,241.25,21.478159,ssp126,70.66069,2.595005,4.671009
2059,34.3979057591623,241.25,19.872652,ssp126,67.770775,0.98949814,1.7810967
2060,34.3979057591623,241.25,20.711441,ssp126,69.280594,1.8282871,3.290917
2061,34.3979057591623,241.25,20.312492,ssp126,68.562485,1.4293385,2.5728092
2062,34.3979057591623,241.25,18.849327,ssp126,65.92879,-0.033826828,-0.06088829
2063,34.3979057591623,241.25,19.480751,ssp126,67.06535,0.5975971,1.0756748
2064,34.3979057591623,241.25,20.382637,ssp126,68.68874,1.4994831,2.6990695
2065,34.3979057591623,241.25,21.069372,ssp126,69.924866,2.1862183,3.9351928
2066,34.3979057591623,241.25,20.142418,ssp126,68.256355,1.259264,2.2666752
2067,34.3979057591623,241.25,20.628534,ssp126,69.13136,1.7453804,3.1416848
2068,34.3979057591623,241.25,20.30783,ssp126,68.55409,1.4246769,2.5644183
2069,34.3979057591623,241.25,20.842604,ssp126,69.516685,1.9594498,3.5270095
2070,34.3979057591623,241.25,19.59913,ssp126,67.278435,0.7159767,1.288758
2071,34.3979057591623,241.25,20.935106,ssp126,69.68319,2.0519524,3.6935143
2072,34.3979057591623,241.25,20.297422,ssp126,68.53536,1.4142685,2.5456834
2073,34.3979057591623,241.25,20.039907,ssp126,68.07183,1.1567535,2.0821564
2074,34.3979057591623,241.25,21.183556,ssp126,70.1304,2.3004017,4.140723
2075,34.3979057591623,241.25,20.146082,ssp126,68.26295,1.262928,2.2732704
2076,34.3979057591623,241.25,21.10449,ssp126,69.98808,2.2213364,3.9984055
2077,34.3979057591623,241.25,21.112936,ssp126,70.00328,2.229782,4.013608
2078,34.3979057591623,241.25,20.40512,ssp126,68.72922,1.5219669,2.7395406
2079,34.3979057591623,241.25,20.131784,ssp126,68.23721,1.2486305,2.247535
2080,34.3979057591623,241.25,21.048014,ssp126,69.88643,2.1648598,3.8967476
2081,34.3979057591623,241.25,21.583643,ssp126,70.850555,2.700489,4.8608804
2082,34.3979057591623,241.25,21.16448,ssp126,70.09606,2.2813263,4.106387
2083,34.3979057591623,241.25,21.871376,ssp126,71.36848,2.9882221,5.3788
2084,34.3979057591623,241.25,20.561989,ssp126,69.01158,1.6788349,3.0219028
2085,34.3979057591623,241.25,21.857996,ssp126,71.34439,2.974842,5.354716
2086,34.3979057591623,241.25,20.230299,ssp126,68.414536,1.3471451,2.4248612
2087,34.3979057591623,241.25,20.937971,ssp126,69.68835,2.0548172,3.6986709
2088,34.3979057591623,241.25,20.70587,ssp126,69.27057,1.8227158,3.2808883
2089,34.3979057591623,241.25,21.43212,ssp126,70.57781,2.5489655,4.5881376
2090,34.3979057591623,241.25,20.700113,ssp126,69.26021,1.8169594,3.270527
2091,34.3979057591623,241.25,20.77568,ssp126,69.396225,1.8925266,3.406548
2092,34.3979057591623,241.25,20.631372,ssp126,69.136475,1.7482185,3.1467934
2093,34.3979057591623,241.25,20.738228,ssp126,69.32881,1.8550739,3.339133
2094,34.3979057591623,241.25,21.2332,ssp126,70.21976,2.3500462,4.230083
2095,34.3979057591623,241.25,20.210188,ssp126,68.37834,1.327034,2.3886611
2096,34.3979057591623,241.25,21.222603,ssp126,70.20068,2.339449,4.211008
2097,34.3979057591623,241.25,20.642443,ssp126,69.156395,1.7592888,3.16672
2098,34.3979057591623,241.25,21.091253,ssp126,69.96426,2.2080994,3.9745789
2099,34.3979057591623,241.25,21.697617,ssp126,71.05571,2.8144627,5.066033
2100,34.3979057591623,241.25,21.35312,ssp126,70.435616,2.469967,4.4459405
2015,34.3979057591623,241.25,18.21724,ssp245,64.79103,-0.66591454,-1.1986462
2016,34.3979057591623,241.25,19.882668,ssp245,67.7888,0.9995136,1.7991245
2017,34.3979057591623,241.25,19.850578,ssp245,67.73104,0.9674244,1.7413639
2018,34.3979057591623,241.25,19.640451,ssp245,67.35281,0.7572975,1.3631356
2019,34.3979057591623,241.25,19.288683,ssp245,66.71963,0.40552902,0.7299522
2020,34.3979057591623,241.25,18.648645,ssp245,65.567566,-0.23450851,-0.42211533
2021,34.3979057591623,241.25,19.84361,ssp245,67.7185,0.96045685,1.7288224
2022,34.3979057591623,241.25,20.254362,ssp245,68.457855,1.3712082,2.4681747
2023,34.3979057591623,241.25,19.469786,ssp245,67.045616,0.5866318,1.0559372
2024,34.3979057591623,241.25,19.733603,ssp245,67.520485,0.8504486,1.5308075
2025,34.3979057591623,241.25,20.446867,ssp245,68.80436,1.5637131,2.8146834
2026,34.3979057591623,241.25,19.964676,ssp245,67.93642,1.081522,1.9467396
2027,34.3979057591623,241.25,21.502443,ssp245,70.7044,2.6192894,4.7147207
2028,34.3979057591623,241.25,19.5652,ssp245,67.21736,0.6820469,1.2276844
2029,34.3979057591623,241.25,19.91822,ssp245,67.8528,1.0350666,1.8631198
2030,34.3979057591623,241.25,19.791658,ssp245,67.624985,0.9085045,1.635308
2031,34.3979057591623,241.25,20.247416,ssp245,68.44535,1.3642616,2.4556708
2032,34.3979057591623,241.25,20.477507,ssp245,68.85951,1.5943527,2.869835
2033,34.3979057591623,241.25,20.894882,ssp245,69.61079,2.0117283,3.621111
2034,34.3979057591623,241.25,21.048113,ssp245,69.886604,2.164959,3.8969262
2035,34.3979057591623,241.25,20.711973,ssp245,69.281555,1.8288193,3.2918746
2036,34.3979057591623,241.25,20.439764,ssp245,68.79157,1.5566101,2.8018982
2037,34.3979057591623,241.25,20.100973,ssp245,68.18175,1.2178192,2.1920745
2038,34.3979057591623,241.25,21.091188,ssp245,69.96414,2.2080345,3.974462
2039,34.3979057591623,241.25,19.697805,ssp245,67.45605,0.8146515,1.4663727
2040,34.3979057591623,241.25,20.047857,ssp245,68.08614,1.1647034,2.096466
2041,34.3979057591623,241.25,21.080246,ssp245,69.94444,2.197092,3.9547658
2042,34.3979057591623,241.25,20.827356,ssp245,69.48924,1.9442024,3.4995644
2043,34.3979057591623,241.25,19.5325,ssp245,67.1585,0.6493454,1.1688217
2044,34.3979057591623,241.25,20.18115,ssp245,68.32607,1.2979965,2.3363938
2045,34.3979057591623,241.25,21.062958,ssp245,69.91332,2.1798038,3.923647
2046,34.3979057591623,241.25,21.485392,ssp245,70.673706,2.6022377,4.6840277
2047,34.3979057591623,241.25,20.645332,ssp245,69.1616,1.7621784,3.1719213
2048,34.3979057591623,241.25,19.985651,ssp245,67.974174,1.1024971,1.9844948
2049,34.3979057591623,241.25,20.681442,ssp245,69.22659,1.7982883,3.236919
2050,34.3979057591623,241.25,20.630539,ssp245,69.13497,1.747385,3.145293
2051,34.3979057591623,241.25,21.160187,ssp245,70.08833,2.2770329,4.098659
2052,34.3979057591623,241.25,21.641245,ssp245,70.95424,2.758091,4.964564
2053,34.3979057591623,241.25,20.698723,ssp245,69.257706,1.8155689,3.268024
2054,34.3979057591623,241.25,20.824038,ssp245,69.48327,1.9408836,3.4935906
2055,34.3979057591623,241.25,21.62852,ssp245,70.931335,2.7453651,4.941657
2056,34.3979057591623,241.25,20.245283,ssp245,68.44151,1.3621292,2.4518325
2057,34.3979057591623,241.25,20.473925,ssp245,68.853065,1.5907707,2.8633873
2058,34.3979057591623,241.25,20.455198,ssp245,68.81936,1.5720444,2.82968
2059,34.3979057591623,241.25,20.909729,ssp245,69.63751,2.026575,3.6478353
2060,34.3979057591623,241.25,20.992804,ssp245,69.78705,2.1096497,3.7973695
2061,34.3979057591623,241.25,21.518356,ssp245,70.73304,2.6352024,4.7433643
2062,34.3979057591623,241.25,21.30956,ssp245,70.35721,2.4264069,4.3675323
2063,34.3979057591623,241.25,21.2064,ssp245,70.171524,2.323246,4.181843
2064,34.3979057591623,241.25,20.849207,ssp245,69.52857,1.966053,3.5388954
2065,34.3979057591623,241.25,20.771004,ssp245,69.3878,1.8878498,3.3981297
2066,34.3979057591623,241.25,21.673887,ssp245,71.013,2.7907333,5.02332
2067,34.3979057591623,241.25,20.867838,ssp245,69.56211,1.984684,3.572431
2068,34.3979057591623,241.25,20.940084,ssp245,69.692154,2.0569305,3.702475
2069,34.3979057591623,241.25,22.307016,ssp245,72.15263,3.4238625,6.1629524
2070,34.3979057591623,241.25,20.773756,ssp245,69.39276,1.8906021,3.4030838
2071,34.3979057591623,241.25,20.450033,ssp245,68.81006,1.5668793,2.8203826
2072,34.3979057591623,241.25,20.417404,ssp245,68.75133,1.5342503,2.7616506
2073,34.3979057591623,241.25,20.473223,ssp245,68.8518,1.5900688,2.862124
2074,34.3979057591623,241.25,21.397402,ssp245,70.51532,2.514248,4.525646
2075,34.3979057591623,241.25,20.412275,ssp245,68.742096,1.5291214,2.7524185
2076,34.3979057591623,241.25,22.282743,ssp245,72.10894,3.3995895,6.1192613
2077,34.3979057591623,241.25,20.067312,ssp245,68.12116,1.1841583,2.131485
2078,34.3979057591623,241.25,21.335058,ssp245,70.40311,2.4519043,4.413428
2079,34.3979057591623,241.25,20.970877,ssp245,69.747574,2.0877228,3.757901
2080,34.3979057591623,241.25,20.811945,ssp245,69.4615,1.928791,3.471824
2081,34.3979057591623,241.25,19.966135,ssp245,67.93904,1.0829811,1.949366
2082,34.3979057591623,241.25,21.529776,ssp245,70.75359,2.6466217,4.763919
2083,34.3979057591623,241.25,21.035759,ssp245,69.864365,2.152605,3.874689
2084,34.3979057591623,241.25,20.450144,ssp245,68.81026,1.5669899,2.820582
2085,34.3979057591623,241.25,21.353151,ssp245,70.43567,2.4699974,4.4459953
2086,34.3979057591623,241.25,20.55307,ssp245,68.99553,1.6699162,3.0058491
2087,34.3979057591623,241.25,20.13936,ssp245,68.25085,1.2562065,2.2611718
2088,34.3979057591623,241.25,20.629936,ssp245,69.13389,1.7467823,3.1442082
2089,34.3979057591623,241.25,20.148748,ssp245,68.267746,1.2655945,2.27807
2090,34.3979057591623,241.25,21.44227,ssp245,70.596085,2.5591164,4.6064095
2091,34.3979057591623,241.25,21.634264,ssp245,70.94167,2.75111,4.951998
2092,34.3979057591623,241.25,20.95711,ssp245,69.72279,2.0739555,3.73312
2093,34.3979057591623,241.25,20.146036,ssp245,68.26286,1.2628822,2.273188
2094,34.3979057591623,241.25,20.928377,ssp245,69.67108,2.0452232,3.6814017
2095,34.3979057591623,241.25,21.191093,ssp245,70.14397,2.3079395,4.154291
2096,34.3979057591623,241.25,22.022743,ssp245,71.64094,3.1395893,5.651261
2097,34.3979057591623,241.25,21.197653,ssp245,70.15578,2.314499,4.166098
2098,34.3979057591623,241.25,21.2901,ssp245,70.32218,2.4069462,4.3325033
2099,34.3979057591623,241.25,20.750986,ssp245,69.351776,1.8678322,3.362098
2100,34.3979057591623,241.25,22.537115,ssp245,72.5668,3.6539612,6.5771303
2015,34.3979057591623,241.25,19.264704,ssp585,66.67647,0.38154984,0.6867897
2016,34.3979057591623,241.25,20.698456,ssp585,69.25722,1.8153019,3.2675433
2017,34.3979057591623,241.25,20.552017,ssp585,68.99363,1.6688633,3.003954
2018,34.3979057591623,241.25,19.172318,ssp585,66.51017,0.2891636,0.52049446
2019,34.3979057591623,241.25,19.718643,ssp585,67.49356,0.8354893,1.5038807
2020,34.3979057591623,241.25,19.47542,ssp585,67.055756,0.5922661,1.0660789
2021,34.3979057591623,241.25,20.120672,ssp585,68.21721,1.2375183,2.2275329
2022,34.3979057591623,241.25,18.97613,ssp585,66.157036,0.09297562,0.1673561
2023,34.3979057591623,241.25,18.48039,ssp585,65.2647,-0.40276337,-0.72497404
2024,34.3979057591623,241.25,20.076002,ssp585,68.1368,1.1928482,2.1471267
2025,34.3979057591623,241.25,20.11099,ssp585,68.19978,1.2278366,2.210106
2026,34.3979057591623,241.25,18.762703,ssp585,65.772865,-0.12045097,-0.21681175
2027,34.3979057591623,241.25,19.9321,ssp585,67.87778,1.0489464,1.8881035
2028,34.3979057591623,241.25,19.949493,ssp585,67.90909,1.0663395,1.9194111
2029,34.3979057591623,241.25,20.593847,ssp585,69.068924,1.7106934,3.079248
2030,34.3979057591623,241.25,19.868034,ssp585,67.76247,0.98488045,1.7727848
2031,34.3979057591623,241.25,20.499975,ssp585,68.899956,1.6168213,2.9102783
2032,34.3979057591623,241.25,19.987846,ssp585,67.97813,1.1046925,1.9884465
2033,34.3979057591623,241.25,19.833311,ssp585,67.69996,0.95015717,1.7102829
2034,34.3979057591623,241.25,19.954575,ssp585,67.918236,1.0714207,1.9285572
2035,34.3979057591623,241.25,19.89607,ssp585,67.81293,1.0129166,1.8232498
2036,34.3979057591623,241.25,19.516815,ssp585,67.130264,0.63366127,1.1405903
2037,34.3979057591623,241.25,20.787188,ssp585,69.41694,1.9040337,3.4272606
2038,34.3979057591623,241.25,20.579752,ssp585,69.04356,1.696598,3.0538764
2039,34.3979057591623,241.25,21.377153,ssp585,70.478874,2.4939995,4.489199
2040,34.3979057591623,241.25,20.742416,ssp585,69.33635,1.8592625,3.3466725
2041,34.3979057591623,241.25,20.891352,ssp585,69.60443,2.0081978,3.614756
2042,34.3979057591623,241.25,21.165667,ssp585,70.0982,2.2825127,4.108523
2043,34.3979057591623,241.25,20.465805,ssp585,68.83845,1.5826511,2.848772
2044,34.3979057591623,241.25,21.782022,ssp585,71.20764,2.8988686,5.217963
2045,34.3979057591623,241.25,20.336843,ssp585,68.606316,1.4536896,2.6166413
2046,34.3979057591623,241.25,20.521523,ssp585,68.938736,1.6383686,2.9490635
2047,34.3979057591623,241.25,20.61129,ssp585,69.10033,1.7281361,3.1106448
2048,34.3979057591623,241.25,21.548033,ssp585,70.78646,2.6648788,4.796782
2049,34.3979057591623,241.25,21.184685,ssp585,70.13243,2.3015308,4.1427555
2050,34.3979057591623,241.25,20.728548,ssp585,69.311386,1.8453941,3.3217094
2051,34.3979057591623,241.25,21.248156,ssp585,70.24668,2.3650017,4.257003
2052,34.3979057591623,241.25,20.600199,ssp585,69.08036,1.7170448,3.0906806
2053,34.3979057591623,241.25,21.502449,ssp585,70.70441,2.6192951,4.714731
2054,34.3979057591623,241.25,21.643446,ssp585,70.958206,2.760292,4.968526
2055,34.3979057591623,241.25,21.781801,ssp585,71.207245,2.8986473,5.217565
2056,34.3979057591623,241.25,21.98107,ssp585,71.565926,3.0979156,5.576248
2057,34.3979057591623,241.25,21.506544,ssp585,70.71178,2.6233902,4.722102
2058,34.3979057591623,241.25,21.778425,ssp585,71.201164,2.8952713,5.2114882
2059,34.3979057591623,241.25,22.005915,ssp585,71.61065,3.1227608,5.6209693
2060,34.3979057591623,241.25,21.752184,ssp585,71.15393,2.86903,5.164254
2061,34.3979057591623,241.25,22.55218,ssp585,72.593925,3.6690254,6.6042457
2062,34.3979057591623,241.25,22.532614,ssp585,72.5587,3.6494598,6.569028
2063,34.3979057591623,241.25,21.345465,ssp585,70.42184,2.4623108,4.4321594
2064,34.3979057591623,241.25,21.934242,ssp585,71.481636,3.0510883,5.491959
2065,34.3979057591623,241.25,22.343987,ssp585,72.21918,3.4608326,6.229499
2066,34.3979057591623,241.25,22.195555,ssp585,71.951996,3.3124008,5.9623213
2067,34.3979057591623,241.25,21.661566,ssp585,70.990814,2.7784119,5.0011415
2068,34.3979057591623,241.25,21.49779,ssp585,70.69602,2.6146355,4.7063437
2069,34.3979057591623,241.25,22.07205,ssp585,71.72969,3.1888962,5.740013
2070,34.3979057591623,241.25,22.146156,ssp585,71.86308,3.2630024,5.8734045
2071,34.3979057591623,241.25,21.120796,ssp585,70.01743,2.2376423,4.027756
2072,34.3979057591623,241.25,23.461329,ssp585,74.23039,4.5781746,8.240714
2073,34.3979057591623,241.25,22.569735,ssp585,72.62552,3.6865807,6.635845
2074,34.3979057591623,241.25,22.355482,ssp585,72.23987,3.4723282,6.2501907
2075,34.3979057591623,241.25,23.324919,ssp585,73.984856,4.441765,7.995177
2076,34.3979057591623,241.25,22.729086,ssp585,72.91235,3.845932,6.9226775
2077,34.3979057591623,241.25,22.959154,ssp585,73.32648,4.076,7.3368006
2078,34.3979057591623,241.25,22.380362,ssp585,72.28465,3.4972076,6.294974
2079,34.3979057591623,241.25,23.723768,ssp585,74.70278,4.8406143,8.713106
2080,34.3979057591623,241.25,22.955986,ssp585,73.32078,4.072832,7.3310976
2081,34.3979057591623,241.25,22.31751,ssp585,72.17152,3.4343567,6.181842
2082,34.3979057591623,241.25,23.26927,ssp585,73.88469,4.386116,7.895009
2083,34.3979057591623,241.25,23.515814,ssp585,74.32846,4.63266,8.338788
2084,34.3979057591623,241.25,23.32982,ssp585,73.993675,4.4466667,8.004
2085,34.3979057591623,241.25,23.043615,ssp585,73.47851,4.1604614,7.4888306
2086,34.3979057591623,241.25,24.307009,ssp585,75.75262,5.423855,9.7629385
2087,34.3979057591623,241.25,23.046556,ssp585,73.4838,4.1634026,7.4941244
2088,34.3979057591623,241.25,23.46115,ssp585,74.23007,4.5779953,8.240392
2089,34.3979057591623,241.25,23.223162,ssp585,73.80169,4.340008,7.812014
2090,34.3979057591623,241.25,23.318388,ssp585,73.9731,4.435234,7.9834213
2091,34.3979057591623,241.25,23.132576,ssp585,73.63863,4.249422,7.648959
2092,34.3979057591623,241.25,22.989061,ssp585,73.38031,4.1059074,7.3906336
2093,34.3979057591623,241.25,23.119062,ssp585,73.61431,4.2359085,7.624635
2094,34.3979057591623,241.25,22.470114,ssp585,72.446205,3.5869598,6.4565277
2095,34.3979057591623,241.25,22.642479,ssp585,72.75646,3.759325,6.7667847
2096,34.3979057591623,241.25,22.750313,ssp585,72.95056,3.867159,6.9608855
2097,34.3979057591623,241.25,23.70201,ssp585,74.66362,4.8188553,8.67394
2098,34.3979057591623,241.25,24.394249,ssp585,75.90965,5.511095,9.9199705
2099,34.3979057591623,241.25,24.405264,ssp585,75.929474,5.52211,9.939798
2100,34.3979057591623,241.25,24.323797,ssp585,75.78284,5.4406433,9.793158

